{
    "timestamp": "2026-02-11T19:38:29.390483",
    "version": "v0.0.2",
    "metrics": {
        "val_loss": 0.0020507171284407377,
        "val_mae": 0.0371086448431015,
        "epochs": 50,
        "data_points": 981
    },
    "config": {
        "lookback": 60,
        "features": 14
    }
}