{
    "timestamp": "2026-02-11T20:02:41.069324",
    "version": "v0.0.3",
    "metrics": {
        "val_loss": 0.007777828257530928,
        "val_mae": 0.06619943678379059,
        "epochs": 50,
        "data_points": 981
    },
    "config": {
        "lookback": 60,
        "features": 14
    }
}