{
    "timestamp": "2026-02-11T20:05:35.356587",
    "version": "v0.0.4",
    "metrics": {
        "val_loss": 0.0040456559509038925,
        "val_mae": 0.043414123356342316,
        "epochs": 50,
        "data_points": 981
    },
    "config": {
        "lookback": 60,
        "features": 14
    }
}