{
    "timestamp": "2026-02-11T19:38:27.482791",
    "version": "v0.0.2",
    "metrics": {
        "val_loss": 0.002769425744190812,
        "val_mae": 0.04022436961531639,
        "epochs": 50,
        "data_points": 981
    },
    "config": {
        "lookback": 60,
        "features": 14
    }
}