{
    "timestamp": "2026-02-11T20:07:03.438260",
    "version": "v0.0.4",
    "metrics": {
        "val_loss": 0.0016204441199079156,
        "val_mae": 0.03198503330349922,
        "epochs": 50,
        "data_points": 981
    },
    "config": {
        "lookback": 60,
        "features": 14
    }
}