{
    "timestamp": "2026-02-11T23:09:28.739737",
    "version": "v0.0.6",
    "metrics": {
        "val_loss": 0.003604117315262556,
        "val_mae": 0.04322684183716774,
        "epochs": 50,
        "data_points": 981
    },
    "config": {
        "lookback": 60,
        "features": 14
    }
}