{
    "timestamp": "2026-02-11T00:23:52.305933",
    "version": "v0.0.1",
    "metrics": {
        "val_loss": 0.0033384610433131456,
        "val_mae": 0.04076694697141647,
        "epochs": 50,
        "data_points": 1000
    },
    "config": {
        "lookback": 60,
        "features": 14
    }
}