{
    "timestamp": "2026-02-11T19:41:34.437219",
    "version": "v0.0.2",
    "metrics": {
        "val_loss": 0.00787638034671545,
        "val_mae": 0.06937530636787415,
        "epochs": 50,
        "data_points": 981
    },
    "config": {
        "lookback": 60,
        "features": 14
    }
}