{
    "timestamp": "2026-02-11T19:41:30.252932",
    "version": "v0.0.3",
    "metrics": {
        "val_loss": 0.003729474265128374,
        "val_mae": 0.042982615530490875,
        "epochs": 50,
        "data_points": 981
    },
    "config": {
        "lookback": 60,
        "features": 14
    }
}