{
    "timestamp": "2026-02-11T20:04:50.246656",
    "version": "v0.0.4",
    "metrics": {
        "val_loss": 0.00751460948958993,
        "val_mae": 0.06509329378604889,
        "epochs": 50,
        "data_points": 981
    },
    "config": {
        "lookback": 60,
        "features": 14
    }
}