{
    "timestamp": "2026-02-11T20:01:58.016656",
    "version": "v0.0.4",
    "metrics": {
        "val_loss": 0.003562274156138301,
        "val_mae": 0.043548569083213806,
        "epochs": 50,
        "data_points": 981
    },
    "config": {
        "lookback": 60,
        "features": 14
    }
}