{
    "timestamp": "2026-02-11T19:41:43.505104",
    "version": "v0.0.3",
    "metrics": {
        "val_loss": 0.0016467049717903137,
        "val_mae": 0.032093245536088943,
        "epochs": 50,
        "data_points": 981
    },
    "config": {
        "lookback": 60,
        "features": 14
    }
}