{
    "timestamp": "2026-02-11T00:25:58.333200",
    "version": "v0.0.1",
    "metrics": {
        "val_loss": 0.007833300158381462,
        "val_mae": 0.06868086010217667,
        "epochs": 50,
        "data_points": 1000
    },
    "config": {
        "lookback": 60,
        "features": 14
    }
}