{
    "timestamp": "2026-02-11T20:04:05.732085",
    "version": "v0.0.5",
    "metrics": {
        "val_loss": 0.0037632915191352367,
        "val_mae": 0.04307608678936958,
        "epochs": 50,
        "data_points": 981
    },
    "config": {
        "lookback": 60,
        "features": 14
    }
}