{
    "timestamp": "2026-02-11T19:38:25.064463",
    "version": "v0.0.2",
    "metrics": {
        "val_loss": 0.004084452521055937,
        "val_mae": 0.0466904491186142,
        "epochs": 50,
        "data_points": 981
    },
    "config": {
        "lookback": 60,
        "features": 14
    }
}