{
    "timestamp": "2026-02-11T19:41:42.226704",
    "version": "v0.0.3",
    "metrics": {
        "val_loss": 0.0024990460369735956,
        "val_mae": 0.038660723716020584,
        "epochs": 50,
        "data_points": 981
    },
    "config": {
        "lookback": 60,
        "features": 14
    }
}